Residue A;Residue B;PAE;Residue B (index corrected)
7;508;19.6;3
7;509;20.0;4
7;511;19.2;6
17;511;19.9;6
36;508;19.8;3
37;506;19.2;1
37;508;17.6;3
37;511;20.0;6
39;506;19.5;1
39;507;18.3;2
39;508;19.4;3
39;509;19.9;4
39;510;18.6;5
39;511;19.2;6
40;507;18.5;2
40;508;18.0;3
40;510;19.0;5
41;506;19.8;1
41;507;19.7;2
41;512;19.2;7
42;507;19.4;2
42;508;19.3;3
42;510;19.6;5
42;511;19.3;6
43;506;19.4;1
43;507;19.4;2
43;508;18.6;3
43;509;19.4;4
43;510;19.9;5
43;511;19.6;6
44;506;18.9;1
44;507;18.6;2
44;508;19.9;3
44;510;19.3;5
44;511;19.2;6
44;512;19.9;7
45;506;18.4;1
45;507;19.5;2
45;508;19.8;3
45;510;18.6;5
45;511;20.0;6
46;506;19.3;1
46;507;19.8;2
46;508;18.4;3
46;509;19.8;4
46;510;19.8;5
46;511;18.0;6
46;512;19.7;7
47;507;20.0;2
47;508;19.8;3
47;511;18.9;6
48;506;16.5;1
48;507;19.6;2
48;511;19.6;6
48;512;19.6;7
49;506;16.5;1
49;507;19.1;2
49;508;19.5;3
49;510;19.3;5
50;506;16.9;1
51;506;17.6;1
51;510;19.8;5
53;506;19.8;1
56;508;19.8;3
56;511;20.0;6
57;508;19.8;3
58;508;19.9;3
58;511;19.4;6
60;508;18.9;3
60;509;18.9;4
60;510;19.7;5
60;511;20.0;6
61;507;18.1;2
61;508;19.3;3
61;509;19.1;4
61;609;18.8;104
62;507;18.9;2
64;506;18.7;1
64;507;17.9;2
64;508;19.7;3
64;510;19.2;5
65;507;18.0;2
65;508;19.9;3
65;511;19.3;6
66;507;19.6;2
66;508;19.1;3
66;511;19.3;6
67;506;18.5;1
67;507;17.9;2
67;508;18.2;3
67;511;19.1;6
68;506;18.7;1
68;507;19.0;2
68;508;17.6;3
68;509;19.8;4
68;511;18.8;6
68;512;19.5;7
69;506;18.9;1
69;507;19.8;2
69;508;17.9;3
69;509;19.9;4
69;511;19.4;6
70;506;19.4;1
70;508;18.4;3
70;511;18.5;6
71;506;17.0;1
71;507;18.5;2
71;508;17.8;3
71;511;18.7;6
72;506;17.5;1
72;507;19.1;2
72;508;18.1;3
72;509;19.6;4
72;511;19.8;6
73;506;19.3;1
73;508;19.1;3
73;509;20.0;4
74;506;19.0;1
74;508;16.6;3
74;511;19.0;6
75;506;16.5;1
75;507;19.0;2
75;508;15.8;3
76;506;19.4;1
76;508;19.4;3
76;509;19.3;4
77;508;19.4;3
78;506;19.2;1
78;508;17.5;3
78;511;18.8;6
79;506;18.8;1
79;508;16.2;3
79;511;19.6;6
80;506;18.5;1
80;508;18.1;3
80;511;19.6;6
81;508;19.1;3
82;508;18.0;3
82;511;19.1;6
83;508;19.7;3
87;506;19.5;1
87;508;18.9;3
88;506;17.4;1
88;508;17.2;3
88;511;19.1;6
89;506;18.7;1
89;508;18.1;3
90;506;20.0;1
90;508;18.9;3
91;506;19.4;1
91;508;19.3;3
92;506;19.6;1
92;508;19.5;3
92;511;19.8;6
94;506;19.9;1
94;508;19.5;3
94;509;19.4;4
96;506;20.0;1
96;508;19.4;3
97;506;19.9;1
105;506;19.5;1
105;508;18.2;3
106;506;18.6;1
106;508;16.9;3
106;511;19.9;6
107;506;18.1;1
107;508;18.7;3
107;509;20.0;4
108;506;18.7;1
108;507;18.2;2
108;508;19.9;3
108;509;19.4;4
109;506;18.6;1
109;509;19.9;4
111;506;19.8;1
111;507;18.1;2
112;507;18.0;2
113;507;17.6;2
114;507;19.9;2
116;506;20.0;1
116;507;17.9;2
116;509;20.0;4
116;511;19.8;6
117;507;20.0;2
117;508;19.3;3
118;506;19.9;1
118;508;19.9;3
119;506;19.4;1
120;507;19.4;2
120;509;20.0;4
122;506;19.8;1
138;506;19.9;1
139;506;20.0;1
139;509;19.6;4
141;506;19.6;1
142;506;20.0;1
143;506;19.9;1
144;506;18.8;1
144;508;19.9;3
145;506;19.5;1
145;508;18.9;3
146;506;19.4;1
146;508;19.1;3
147;506;19.9;1
148;506;18.7;1
148;509;19.5;4
149;506;18.5;1
149;507;19.4;2
149;508;19.0;3
149;509;20.0;4
150;506;18.4;1
150;507;19.9;2
150;508;17.7;3
151;506;18.5;1
151;507;19.6;2
151;508;18.6;3
151;509;19.7;4
152;506;17.5;1
152;507;19.4;2
152;508;19.7;3
152;509;19.6;4
153;506;19.8;1
154;506;19.0;1
155;506;17.6;1
156;506;19.1;1
156;508;19.4;3
157;506;19.9;1
159;508;19.7;3
160;506;19.2;1
160;508;18.0;3
161;506;18.5;1
161;508;17.0;3
162;506;18.2;1
162;508;18.5;3
163;506;18.3;1
163;508;18.1;3
164;506;18.9;1
164;507;19.7;2
164;508;17.9;3
165;506;17.8;1
165;508;17.9;3
165;509;19.6;4
166;506;16.9;1
166;507;20.0;2
166;508;18.1;3
166;511;19.9;6
167;506;17.8;1
167;507;18.8;2
167;508;17.8;3
167;511;18.8;6
168;506;17.7;1
168;507;18.4;2
168;508;19.1;3
168;509;19.7;4
169;506;16.3;1
169;507;18.3;2
169;508;17.3;3
169;509;19.1;4
169;511;19.1;6
170;506;17.7;1
170;507;18.3;2
170;508;18.3;3
170;511;19.8;6
171;506;18.1;1
171;508;19.2;3
172;506;19.8;1
173;506;17.0;1
173;507;19.6;2
173;508;19.4;3
173;509;19.8;4
174;506;18.6;1
174;508;18.6;3
175;506;19.2;1
175;508;19.2;3
176;506;17.6;1
176;508;18.5;3
177;506;17.0;1
177;508;19.6;3
178;506;18.2;1
178;508;18.0;3
178;511;19.9;6
179;506;18.7;1
180;506;17.1;1
180;507;19.6;2
185;508;19.1;3
186;506;17.9;1
186;508;16.3;3
187;506;18.0;1
187;508;14.7;3
187;509;19.6;4
187;511;19.1;6
188;506;18.2;1
188;508;17.1;3
189;506;17.9;1
189;508;17.2;3
189;509;20.0;4
190;506;16.2;1
190;507;19.3;2
190;508;16.5;3
190;509;19.2;4
190;511;18.8;6
191;506;17.0;1
191;507;20.0;2
191;508;16.3;3
191;509;19.7;4
191;511;19.1;6
192;506;15.8;1
192;508;16.1;3
192;509;19.4;4
192;511;18.6;6
192;512;19.7;7
193;506;17.0;1
193;508;18.1;3
193;511;19.6;6
194;506;16.0;1
194;507;19.9;2
194;508;16.9;3
194;509;20.0;4
194;511;18.0;6
194;512;19.9;7
195;506;18.0;1
195;507;19.8;2
195;508;18.5;3
195;509;18.7;4
195;511;17.8;6
195;512;20.0;7
196;506;12.7;1
196;507;18.8;2
196;508;14.5;3
196;509;16.6;4
196;510;19.3;5
196;511;15.5;6
196;512;17.4;7
196;513;16.8;8
196;515;19.4;10
197;506;13.5;1
197;507;17.2;2
197;508;13.7;3
197;509;16.4;4
197;510;17.5;5
197;511;16.7;6
197;512;17.5;7
197;513;19.7;8
198;506;17.5;1
198;508;20.0;3
198;510;18.5;5
198;511;19.6;6
198;512;18.0;7
199;506;17.2;1
199;507;19.5;2
199;511;19.6;6
199;512;19.9;7
199;513;18.9;8
200;506;17.5;1
200;507;17.8;2
200;508;17.8;3
200;510;18.6;5
200;511;17.2;6
201;506;13.2;1
201;507;17.2;2
201;508;16.6;3
201;509;18.6;4
201;511;17.6;6
201;514;19.9;9
202;506;15.2;1
202;507;17.8;2
202;510;19.0;5
203;506;14.0;1
203;507;11.6;2
203;508;14.1;3
203;509;18.7;4
203;511;18.7;6
203;512;14.6;7
203;513;17.5;8
203;514;19.5;9
204;506;13.2;1
204;507;17.9;2
204;508;18.1;3
204;509;17.6;4
205;506;16.1;1
205;507;19.1;2
205;508;16.4;3
205;509;17.6;4
205;510;19.0;5
205;511;19.8;6
205;512;17.5;7
206;506;16.6;1
206;507;18.7;2
206;508;16.8;3
206;509;19.5;4
206;510;18.9;5
206;511;17.8;6
206;512;17.5;7
207;506;18.6;1
207;508;17.4;3
207;509;19.0;4
207;510;18.6;5
207;511;17.8;6
207;512;17.7;7
207;513;19.5;8
208;506;16.4;1
208;507;18.0;2
208;508;16.5;3
208;509;18.6;4
208;510;19.3;5
208;511;18.8;6
208;512;18.5;7
209;506;15.2;1
209;507;15.5;2
209;508;16.6;3
209;509;19.5;4
209;511;18.9;6
209;512;19.8;7
210;506;16.5;1
210;508;16.0;3
210;509;17.6;4
210;510;18.0;5
210;511;17.2;6
210;512;17.5;7
210;513;19.4;8
210;514;20.0;9
210;515;19.7;10
211;506;15.7;1
211;507;14.6;2
211;508;16.2;3
211;509;18.9;4
211;510;19.7;5
211;511;17.3;6
211;512;19.2;7
212;506;16.6;1
212;507;19.2;2
212;508;17.9;3
212;509;18.9;4
212;510;18.5;5
212;511;16.0;6
212;512;15.9;7
212;513;17.5;8
212;514;18.4;9
213;506;16.7;1
213;507;16.4;2
213;508;14.1;3
213;509;17.9;4
213;510;18.5;5
213;511;18.1;6
213;513;17.4;8
214;506;15.2;1
214;507;17.2;2
214;508;15.6;3
214;509;17.3;4
214;510;19.0;5
214;511;16.8;6
214;513;18.7;8
214;514;18.9;9
215;506;14.5;1
215;507;15.0;2
215;508;15.1;3
215;509;17.7;4
215;510;17.4;5
215;511;16.9;6
215;512;19.2;7
215;513;17.9;8
216;506;16.0;1
216;507;15.4;2
216;508;16.0;3
216;509;17.4;4
216;510;17.7;5
216;511;19.0;6
216;512;19.9;7
216;513;19.6;8
217;506;18.0;1
217;508;17.4;3
217;509;18.4;4
217;511;17.5;6
217;512;18.0;7
217;513;18.3;8
217;515;18.5;10
218;506;15.7;1
218;507;14.9;2
218;508;15.4;3
218;509;17.4;4
218;510;18.6;5
218;511;19.2;6
218;512;19.0;7
219;506;17.1;1
219;507;20.0;2
219;508;17.0;3
219;509;18.0;4
219;511;17.8;6
219;512;17.9;7
219;515;19.8;10
220;506;16.4;1
220;507;16.4;2
220;508;16.4;3
220;509;18.3;4
220;510;19.1;5
220;511;19.5;6
220;512;17.8;7
221;506;16.8;1
221;507;19.8;2
221;508;17.3;3
221;509;18.9;4
221;511;18.8;6
221;512;17.7;7
222;506;19.1;1
222;507;19.2;2
222;508;20.0;3
222;509;19.5;4
222;511;19.8;6
223;506;19.9;1
223;507;18.1;2
223;508;18.3;3
223;509;19.6;4
224;506;19.7;1
224;507;17.7;2
224;508;18.7;3
224;509;18.7;4
224;510;19.4;5
224;512;19.4;7
225;506;19.4;1
225;507;18.1;2
225;508;18.7;3
225;509;18.6;4
225;510;18.7;5
225;511;18.0;6
225;512;19.1;7
225;607;19.4;102
226;507;18.7;2
226;508;18.5;3
226;509;19.6;4
226;510;20.0;5
227;507;19.0;2
227;509;19.9;4
227;510;18.7;5
228;507;17.7;2
228;508;19.5;3
229;506;18.7;1
229;507;18.7;2
229;508;16.1;3
229;509;19.2;4
229;510;19.9;5
230;506;17.4;1
230;507;16.2;2
230;508;15.2;3
230;509;17.9;4
230;510;18.4;5
230;511;18.9;6
231;506;17.8;1
231;507;17.3;2
231;508;15.6;3
231;509;18.2;4
231;511;18.7;6
232;506;16.0;1
232;507;16.0;2
232;508;14.8;3
232;509;17.9;4
232;510;18.0;5
232;511;18.6;6
232;513;20.0;8
233;506;16.5;1
233;507;18.5;2
233;508;19.0;3
233;509;19.5;4
234;506;13.6;1
234;507;14.6;2
234;508;14.1;3
234;509;17.5;4
234;510;17.8;5
234;511;16.8;6
234;512;19.7;7
235;506;15.9;1
235;507;17.2;2
235;508;15.4;3
235;509;18.2;4
235;511;18.2;6
236;506;16.4;1
236;507;16.7;2
236;508;14.7;3
236;509;19.0;4
236;511;17.9;6
237;506;14.1;1
237;507;17.0;2
237;508;16.9;3
237;509;18.9;4
237;511;19.1;6
238;506;16.2;1
238;507;17.2;2
238;508;16.8;3
238;509;19.7;4
238;510;19.6;5
238;511;19.0;6
239;506;14.7;1
239;507;17.5;2
239;508;14.3;3
239;509;18.1;4
239;511;17.1;6
240;506;18.2;1
240;508;17.9;3
240;509;20.0;4
240;511;19.4;6
241;506;15.8;1
241;507;18.0;2
241;508;16.6;3
242;506;17.8;1
242;508;18.8;3
243;506;19.6;1
244;506;19.8;1
245;506;19.2;1
245;508;19.2;3
247;506;19.6;1
249;506;19.1;1
251;506;19.6;1
251;508;18.7;3
252;506;19.9;1
253;506;19.3;1
253;508;19.0;3
255;506;19.1;1
255;507;19.8;2
255;508;19.4;3
256;506;19.2;1
256;508;18.4;3
258;506;18.1;1
258;508;19.1;3
259;506;17.6;1
259;507;19.5;2
259;508;19.9;3
259;511;19.9;6
260;506;16.6;1
260;508;19.2;3
260;512;19.8;7
261;506;18.7;1
261;508;19.6;3
262;506;16.7;1
262;507;18.0;2
262;508;16.7;3
262;509;19.8;4
262;511;19.4;6
262;512;20.0;7
263;506;19.1;1
263;507;18.9;2
263;508;18.6;3
264;506;17.6;1
264;508;14.9;3
265;506;18.9;1
265;508;17.0;3
266;508;19.6;3
267;506;19.3;1
267;508;18.8;3
268;506;19.3;1
284;506;19.0;1
284;508;19.6;3
284;512;19.7;7
285;508;19.6;3
285;512;20.0;7
286;506;18.4;1
286;507;19.4;2
286;508;17.7;3
287;506;15.1;1
287;507;16.9;2
287;508;15.6;3
287;509;17.6;4
287;510;18.5;5
287;511;19.3;6
288;506;17.1;1
288;507;16.3;2
288;508;15.1;3
288;509;20.0;4
288;510;19.1;5
288;511;19.0;6
289;506;15.9;1
289;507;17.7;2
289;508;15.4;3
289;509;17.5;4
289;510;19.4;5
289;511;19.1;6
290;506;17.8;1
290;507;19.9;2
290;508;16.7;3
291;506;19.1;1
291;508;19.1;3
292;506;16.3;1
292;507;18.7;2
292;508;18.8;3
292;509;19.7;4
292;513;20.0;8
293;507;19.0;2
294;506;18.8;1
296;506;19.4;1
296;507;17.9;2
297;507;19.7;2
298;506;19.3;1
298;507;19.6;2
304;506;19.2;1
305;506;18.3;1
306;506;17.6;1
307;506;15.9;1
307;507;19.6;2
308;506;18.2;1
308;507;17.0;2
308;508;19.3;3
309;506;15.5;1
309;507;18.5;2
310;506;17.0;1
310;507;16.5;2
310;508;17.7;3
310;509;19.9;4
311;507;16.1;2
311;509;19.9;4
312;506;16.8;1
312;508;20.0;3
313;506;15.0;1
313;507;15.0;2
313;508;19.9;3
313;509;19.9;4
313;510;19.5;5
313;512;19.6;7
314;506;15.4;1
314;507;18.4;2
314;508;17.7;3
315;506;15.7;1
315;507;16.1;2
315;508;14.9;3
315;509;14.9;4
315;510;16.8;5
315;511;17.5;6
315;512;18.4;7
316;506;15.6;1
316;507;14.6;2
316;508;16.9;3
316;509;17.5;4
316;510;19.8;5
316;511;19.6;6
316;512;19.8;7
317;506;17.8;1
317;508;16.1;3
317;509;19.0;4
317;510;19.8;5
317;511;18.1;6
317;512;19.7;7
318;506;15.7;1
318;507;18.1;2
318;508;17.0;3
318;509;19.3;4
318;510;18.5;5
318;511;19.6;6
318;512;18.7;7
318;513;19.5;8
319;506;16.7;1
319;507;19.7;2
319;508;16.3;3
319;509;18.6;4
319;510;18.4;5
319;511;18.7;6
319;512;18.6;7
320;506;19.5;1
320;508;17.7;3
320;510;19.6;5
320;511;19.7;6
320;512;19.1;7
321;506;17.2;1
321;507;18.7;2
321;508;17.6;3
321;510;18.8;5
321;511;18.9;6
322;506;18.3;1
322;507;18.6;2
322;508;17.1;3
322;509;19.1;4
322;510;18.3;5
322;511;17.4;6
322;512;18.9;7
323;506;15.3;1
323;507;17.9;2
323;508;16.7;3
323;509;19.0;4
323;511;18.4;6
323;512;19.4;7
324;506;16.4;1
324;507;19.3;2
324;508;18.5;3
324;509;19.4;4
324;510;19.8;5
324;511;19.5;6
325;506;16.1;1
325;507;19.6;2
325;508;18.6;3
326;506;17.1;1
326;508;16.2;3
326;509;19.9;4
326;510;19.7;5
326;511;18.6;6
327;506;17.5;1
327;507;19.2;2
327;508;17.4;3
327;509;19.0;4
328;506;17.2;1
328;507;19.3;2
328;508;18.9;3
329;506;16.9;1
329;507;19.4;2
329;508;19.0;3
329;509;20.0;4
329;510;19.8;5
329;511;19.0;6
330;506;17.2;1
330;508;18.5;3
330;509;19.8;4
331;506;17.6;1
331;507;19.1;2
331;508;18.0;3
332;506;15.8;1
332;507;17.0;2
332;509;19.8;4
333;506;16.9;1
333;507;19.4;2
333;509;18.4;4
333;511;19.7;6
334;506;17.6;1
334;507;18.9;2
334;509;18.7;4
334;511;19.5;6
335;506;16.6;1
335;507;18.1;2
335;509;20.0;4
336;506;16.4;1
336;507;18.9;2
336;508;18.5;3
336;509;18.2;4
336;512;19.8;7
337;506;17.7;1
337;507;18.1;2
337;508;17.1;3
338;506;16.1;1
338;507;15.3;2
338;508;14.5;3
338;509;18.1;4
338;510;18.3;5
338;511;17.9;6
338;512;19.1;7
339;506;16.7;1
339;507;18.0;2
339;508;16.7;3
339;509;16.9;4
339;512;19.9;7
340;506;16.1;1
340;507;16.1;2
340;508;18.0;3
340;509;18.4;4
340;510;19.5;5
341;506;16.3;1
341;507;17.9;2
341;508;17.7;3
341;509;17.1;4
341;510;19.4;5
342;506;15.9;1
342;507;17.0;2
342;508;14.7;3
342;509;17.5;4
342;510;19.2;5
342;511;16.7;6
343;506;17.1;1
343;507;18.3;2
343;508;15.3;3
343;509;18.6;4
343;510;18.8;5
343;511;18.4;6
344;506;17.4;1
344;507;16.8;2
344;508;16.6;3
345;506;16.5;1
345;507;15.8;2
345;508;16.2;3
345;509;17.5;4
345;510;18.6;5
345;511;19.7;6
346;506;16.8;1
346;507;17.1;2
346;508;15.0;3
346;509;17.6;4
346;510;18.1;5
346;511;17.4;6
346;512;20.0;7
347;506;19.0;1
347;507;17.0;2
347;508;19.7;3
348;508;19.3;3
349;506;20.0;1
349;507;18.4;2
349;508;19.1;3
349;510;19.7;5
350;507;19.4;2
350;508;19.4;3
351;508;17.6;3
351;510;19.7;5
351;511;19.6;6
353;508;20.0;3
354;511;19.2;6
362;508;17.9;3
363;506;18.9;1
365;506;18.2;1
365;507;19.0;2
365;508;19.6;3
365;511;19.7;6
366;506;15.5;1
366;507;15.5;2
366;508;19.6;3
366;509;19.0;4
366;510;17.0;5
366;511;18.8;6
366;512;18.8;7
366;513;17.8;8
367;506;20.0;1
367;507;18.0;2
367;508;18.8;3
368;506;19.1;1
368;508;19.0;3
369;506;15.3;1
369;507;13.4;2
369;508;17.2;3
369;509;15.8;4
369;510;17.7;5
369;511;18.4;6
369;512;17.8;7
369;513;19.9;8
370;506;13.4;1
370;507;13.7;2
370;508;17.3;3
370;509;16.7;4
370;510;18.4;5
370;511;18.0;6
370;512;17.7;7
370;513;17.5;8
371;506;17.8;1
371;508;15.1;3
372;506;15.4;1
372;507;17.1;2
372;508;17.1;3
372;509;18.1;4
373;506;14.4;1
373;507;14.8;2
373;508;15.1;3
373;509;15.2;4
373;510;19.4;5
373;511;17.8;6
373;512;17.8;7
374;506;14.0;1
374;507;15.7;2
374;508;17.4;3
374;509;16.1;4
374;510;19.6;5
374;511;18.2;6
374;512;18.4;7
375;506;16.7;1
375;508;16.9;3
375;509;19.8;4
375;512;19.6;7
376;506;15.3;1
376;507;18.6;2
376;508;16.4;3
376;509;18.4;4
376;511;19.2;6
377;506;12.5;1
377;507;15.5;2
377;508;16.1;3
377;509;16.8;4
377;510;18.7;5
377;511;19.0;6
377;512;18.9;7
378;506;14.9;1
378;507;17.3;2
378;508;17.5;3
378;509;16.5;4
378;510;18.4;5
378;512;19.6;7
379;506;16.3;1
379;508;18.9;3
379;512;19.9;7
380;506;15.7;1
380;507;17.5;2
380;508;16.2;3
381;506;14.9;1
381;507;18.1;2
381;508;16.7;3
381;509;18.2;4
382;506;17.0;1
382;507;17.9;2
382;508;18.8;3
382;510;18.7;5
383;506;18.2;1
383;507;18.4;2
383;508;19.5;3
383;510;20.0;5
384;506;16.0;1
384;507;18.6;2
384;508;18.6;3
385;506;17.0;1
385;507;18.0;2
385;508;17.9;3
385;509;19.2;4
385;510;18.8;5
386;506;18.6;1
386;507;17.6;2
386;508;19.9;3
386;510;19.2;5
387;506;19.9;1
388;506;19.5;1
414;507;19.9;2
428;510;19.7;5
429;510;19.8;5
432;507;19.9;2
434;507;19.2;2
435;507;19.5;2
441;506;19.9;1
441;507;19.9;2
442;506;17.9;1
442;507;19.4;2
442;508;18.4;3
443;506;15.6;1
443;507;19.3;2
443;508;17.4;3
444;506;14.3;1
444;507;18.4;2
444;508;17.8;3
444;509;19.4;4
445;506;16.3;1
445;507;19.4;2
445;508;17.0;3
445;511;20.0;6
446;506;16.8;1
446;507;19.8;2
446;508;18.4;3
447;506;16.1;1
447;508;19.4;3
448;506;17.0;1
448;508;18.0;3
448;510;19.4;5
449;506;16.6;1
449;507;18.6;2
449;508;19.0;3
450;506;17.9;1
450;508;19.5;3
451;506;19.5;1
451;508;19.3;3
453;506;17.4;1
453;507;17.7;2
453;508;19.5;3
454;506;20.0;1
454;508;19.6;3
455;507;18.9;2
456;506;19.8;1
456;508;20.0;3
458;507;19.4;2
494;507;18.4;2
495;507;18.7;2
496;506;19.1;1
496;507;16.8;2
497;506;14.4;1
497;507;15.3;2
497;508;18.1;3
497;509;18.7;4
497;510;19.1;5
497;511;19.8;6
498;506;15.7;1
498;507;16.5;2
499;506;13.5;1
499;507;14.2;2
499;508;15.3;3
499;509;17.3;4
499;510;17.5;5
499;511;19.3;6
500;506;11.1;1
500;507;12.3;2
500;508;15.7;3
500;509;17.3;4
500;510;17.9;5
500;511;19.8;6
501;506;11.0;1
501;507;12.1;2
501;508;15.8;3
501;509;15.8;4
501;510;16.5;5
501;511;17.4;6
502;506;10.2;1
502;507;10.7;2
502;508;13.2;3
502;509;15.3;4
502;510;13.9;5
502;511;17.2;6
502;512;18.1;7
502;513;17.1;8
503;506;4.9;1
503;507;6.9;2
503;508;9.4;3
503;509;11.6;4
503;510;13.7;5
503;511;14.5;6
503;512;15.5;7
503;513;17.8;8
504;506;3.3;1
504;507;5.1;2
504;508;6.9;3
504;509;9.0;4
504;510;11.6;5
504;511;12.5;6
504;512;14.7;7
504;513;15.9;8
505;506;0.9;1
505;507;4.7;2
505;508;7.4;3
505;509;7.5;4
505;510;9.7;5
505;511;11.6;6
505;512;11.6;7
505;513;13.6;8
505;514;17.5;9
505;515;19.2;10
